student_id,email_address,first_name,last_name,courses,grade,marks
1,updated1@example.edu,NEW1,LNEW1,C102,A,99
3,student3@example.edu,FN3,LN3,C101,A,97
5,student5@example.edu,FN5,LN5,C101,B,32
7,student7@example.edu,FN7,LN7,C101,B,63
9,student9@example.edu,FN9,LN9,C101,B,57
11,student11@example.edu,FN11,LN11,C101,B,83
12,student12@example.edu,FN12,LN12,C101,B,48
13,student13@example.edu,FN13,LN13,C101,A,100
14,student14@example.edu,FN14,LN14,C101,B,26
15,student15@example.edu,FN15,LN15,C101,B,12
16,student16@example.edu,FN16,LN16,C101,B,62
17,student17@example.edu,FN17,LN17,C101,B,3
18,student18@example.edu,FN18,LN18,C101,B,49
19,student19@example.edu,FN19,LN19,C101,B,55
20,student20@example.edu,FN20,LN20,C101,B,77
21,student21@example.edu,FN21,LN21,C101,A,97
22,student22@example.edu,FN22,LN22,C101,A,98
23,student23@example.edu,FN23,LN23,C101,B,0
24,student24@example.edu,FN24,LN24,C101,B,89
25,student25@example.edu,FN25,LN25,C101,B,57
26,student26@example.edu,FN26,LN26,C101,B,34
27,student27@example.edu,FN27,LN27,C101,A,92
28,student28@example.edu,FN28,LN28,C101,B,29
29,student29@example.edu,FN29,LN29,C101,B,75
30,student30@example.edu,FN30,LN30,C101,B,13
31,student31@example.edu,FN31,LN31,C101,B,40
32,student32@example.edu,FN32,LN32,C101,B,3
33,student33@example.edu,FN33,LN33,C101,B,2
34,student34@example.edu,FN34,LN34,C101,B,3
35,student35@example.edu,FN35,LN35,C101,B,83
36,student36@example.edu,FN36,LN36,C101,B,69
37,student37@example.edu,FN37,LN37,C101,B,1
38,student38@example.edu,FN38,LN38,C101,B,48
39,student39@example.edu,FN39,LN39,C101,B,87
40,student40@example.edu,FN40,LN40,C101,B,27
41,student41@example.edu,FN41,LN41,C101,B,54
42,student42@example.edu,FN42,LN42,C101,A,92
43,student43@example.edu,FN43,LN43,C101,B,3
44,student44@example.edu,FN44,LN44,C101,B,67
45,student45@example.edu,FN45,LN45,C101,B,28
46,student46@example.edu,FN46,LN46,C101,A,97
47,student47@example.edu,FN47,LN47,C101,B,56
48,student48@example.edu,FN48,LN48,C101,B,63
49,student49@example.edu,FN49,LN49,C101,B,70
50,student50@example.edu,FN50,LN50,C101,B,29
51,student51@example.edu,FN51,LN51,C101,B,44
52,student52@example.edu,FN52,LN52,C101,B,29
53,student53@example.edu,FN53,LN53,C101,B,86
54,student54@example.edu,FN54,LN54,C101,B,28
55,student55@example.edu,FN55,LN55,C101,A,97
56,student56@example.edu,FN56,LN56,C101,B,58
57,student57@example.edu,FN57,LN57,C101,B,37
58,student58@example.edu,FN58,LN58,C101,B,2
59,student59@example.edu,FN59,LN59,C101,B,53
60,student60@example.edu,FN60,LN60,C101,B,71
61,student61@example.edu,FN61,LN61,C101,B,82
62,student62@example.edu,FN62,LN62,C101,B,12
63,student63@example.edu,FN63,LN63,C101,B,23
64,student64@example.edu,FN64,LN64,C101,B,80
65,student65@example.edu,FN65,LN65,C101,A,92
66,student66@example.edu,FN66,LN66,C101,B,37
67,student67@example.edu,FN67,LN67,C101,B,15
68,student68@example.edu,FN68,LN68,C101,A,95
69,student69@example.edu,FN69,LN69,C101,B,42
70,student70@example.edu,FN70,LN70,C101,A,92
71,student71@example.edu,FN71,LN71,C101,A,91
72,student72@example.edu,FN72,LN72,C101,B,64
73,student73@example.edu,FN73,LN73,C101,B,54
74,student74@example.edu,FN74,LN74,C101,B,64
75,student75@example.edu,FN75,LN75,C101,B,85
76,student76@example.edu,FN76,LN76,C101,B,24
77,student77@example.edu,FN77,LN77,C101,B,38
78,student78@example.edu,FN78,LN78,C101,B,36
79,student79@example.edu,FN79,LN79,C101,B,75
80,student80@example.edu,FN80,LN80,C101,B,63
81,student81@example.edu,FN81,LN81,C101,B,64
82,student82@example.edu,FN82,LN82,C101,B,50
83,student83@example.edu,FN83,LN83,C101,B,75
84,student84@example.edu,FN84,LN84,C101,B,4
85,student85@example.edu,FN85,LN85,C101,B,61
86,student86@example.edu,FN86,LN86,C101,B,31
87,student87@example.edu,FN87,LN87,C101,A,95
88,student88@example.edu,FN88,LN88,C101,B,51
89,student89@example.edu,FN89,LN89,C101,B,53
90,student90@example.edu,FN90,LN90,C101,B,85
91,student91@example.edu,FN91,LN91,C101,B,22
92,student92@example.edu,FN92,LN92,C101,B,46
93,student93@example.edu,FN93,LN93,C101,B,70
94,student94@example.edu,FN94,LN94,C101,B,89
95,student95@example.edu,FN95,LN95,C101,A,99
96,student96@example.edu,FN96,LN96,C101,B,86
97,student97@example.edu,FN97,LN97,C101,A,94
98,student98@example.edu,FN98,LN98,C101,B,47
99,student99@example.edu,FN99,LN99,C101,B,11
100,student100@example.edu,FN100,LN100,C101,B,56
101,student101@example.edu,FN101,LN101,C101,B,84
102,student102@example.edu,FN102,LN102,C101,B,65
103,student103@example.edu,FN103,LN103,C101,B,13
104,student104@example.edu,FN104,LN104,C101,A,99
105,student105@example.edu,FN105,LN105,C101,B,20
106,student106@example.edu,FN106,LN106,C101,B,66
107,student107@example.edu,FN107,LN107,C101,B,50
108,student108@example.edu,FN108,LN108,C101,B,47
109,student109@example.edu,FN109,LN109,C101,B,62
110,student110@example.edu,FN110,LN110,C101,A,93
111,student111@example.edu,FN111,LN111,C101,B,3
112,student112@example.edu,FN112,LN112,C101,B,60
113,student113@example.edu,FN113,LN113,C101,B,5
114,student114@example.edu,FN114,LN114,C101,B,39
115,student115@example.edu,FN115,LN115,C101,B,90
116,student116@example.edu,FN116,LN116,C101,B,78
117,student117@example.edu,FN117,LN117,C101,B,75
118,student118@example.edu,FN118,LN118,C101,B,74
119,student119@example.edu,FN119,LN119,C101,B,50
120,student120@example.edu,FN120,LN120,C101,B,82
121,student121@example.edu,FN121,LN121,C101,B,21
122,student122@example.edu,FN122,LN122,C101,B,21
123,student123@example.edu,FN123,LN123,C101,B,64
124,student124@example.edu,FN124,LN124,C101,B,29
125,student125@example.edu,FN125,LN125,C101,B,1
126,student126@example.edu,FN126,LN126,C101,A,98
127,student127@example.edu,FN127,LN127,C101,B,25
128,student128@example.edu,FN128,LN128,C101,B,69
129,student129@example.edu,FN129,LN129,C101,B,70
130,student130@example.edu,FN130,LN130,C101,B,29
131,student131@example.edu,FN131,LN131,C101,B,51
132,student132@example.edu,FN132,LN132,C101,B,65
133,student133@example.edu,FN133,LN133,C101,B,44
134,student134@example.edu,FN134,LN134,C101,B,73
135,student135@example.edu,FN135,LN135,C101,B,45
136,student136@example.edu,FN136,LN136,C101,B,58
137,student137@example.edu,FN137,LN137,C101,B,34
138,student138@example.edu,FN138,LN138,C101,B,84
139,student139@example.edu,FN139,LN139,C101,B,70
140,student140@example.edu,FN140,LN140,C101,B,77
141,student141@example.edu,FN141,LN141,C101,A,93
142,student142@example.edu,FN142,LN142,C101,B,0
143,student143@example.edu,FN143,LN143,C101,B,49
144,student144@example.edu,FN144,LN144,C101,A,100
145,student145@example.edu,FN145,LN145,C101,A,94
146,student146@example.edu,FN146,LN146,C101,B,65
147,student147@example.edu,FN147,LN147,C101,B,16
148,student148@example.edu,FN148,LN148,C101,B,66
149,student149@example.edu,FN149,LN149,C101,A,99
150,student150@example.edu,FN150,LN150,C101,B,71
151,student151@example.edu,FN151,LN151,C101,B,26
152,student152@example.edu,FN152,LN152,C101,B,54
153,student153@example.edu,FN153,LN153,C101,B,7
154,student154@example.edu,FN154,LN154,C101,B,61
155,student155@example.edu,FN155,LN155,C101,B,46
156,student156@example.edu,FN156,LN156,C101,B,72
157,student157@example.edu,FN157,LN157,C101,B,70
158,student158@example.edu,FN158,LN158,C101,B,25
159,student159@example.edu,FN159,LN159,C101,B,64
160,student160@example.edu,FN160,LN160,C101,B,52
161,student161@example.edu,FN161,LN161,C101,B,62
162,student162@example.edu,FN162,LN162,C101,B,45
163,student163@example.edu,FN163,LN163,C101,B,53
164,student164@example.edu,FN164,LN164,C101,B,44
165,student165@example.edu,FN165,LN165,C101,B,0
166,student166@example.edu,FN166,LN166,C101,B,68
167,student167@example.edu,FN167,LN167,C101,B,69
168,student168@example.edu,FN168,LN168,C101,B,79
169,student169@example.edu,FN169,LN169,C101,A,100
170,student170@example.edu,FN170,LN170,C101,B,78
171,student171@example.edu,FN171,LN171,C101,B,42
172,student172@example.edu,FN172,LN172,C101,B,58
173,student173@example.edu,FN173,LN173,C101,B,76
174,student174@example.edu,FN174,LN174,C101,B,3
175,student175@example.edu,FN175,LN175,C101,B,29
176,student176@example.edu,FN176,LN176,C101,B,81
177,student177@example.edu,FN177,LN177,C101,B,22
178,student178@example.edu,FN178,LN178,C101,B,70
179,student179@example.edu,FN179,LN179,C101,B,74
180,student180@example.edu,FN180,LN180,C101,B,23
181,student181@example.edu,FN181,LN181,C101,B,11
182,student182@example.edu,FN182,LN182,C101,B,70
183,student183@example.edu,FN183,LN183,C101,B,32
184,student184@example.edu,FN184,LN184,C101,B,4
185,student185@example.edu,FN185,LN185,C101,B,86
186,student186@example.edu,FN186,LN186,C101,B,9
187,student187@example.edu,FN187,LN187,C101,B,10
188,student188@example.edu,FN188,LN188,C101,B,2
189,student189@example.edu,FN189,LN189,C101,B,57
190,student190@example.edu,FN190,LN190,C101,B,1
191,student191@example.edu,FN191,LN191,C101,A,96
192,student192@example.edu,FN192,LN192,C101,A,96
193,student193@example.edu,FN193,LN193,C101,B,35
194,student194@example.edu,FN194,LN194,C101,B,31
195,student195@example.edu,FN195,LN195,C101,B,34
196,student196@example.edu,FN196,LN196,C101,B,14
197,student197@example.edu,FN197,LN197,C101,B,79
198,student198@example.edu,FN198,LN198,C101,B,23
199,student199@example.edu,FN199,LN199,C101,B,44
200,student200@example.edu,FN200,LN200,C101,B,37
201,student201@example.edu,FN201,LN201,C101,B,8
202,student202@example.edu,FN202,LN202,C101,B,21
203,student203@example.edu,FN203,LN203,C101,B,20
204,student204@example.edu,FN204,LN204,C101,B,32
205,student205@example.edu,FN205,LN205,C101,B,67
206,student206@example.edu,FN206,LN206,C101,B,21
207,student207@example.edu,FN207,LN207,C101,B,84
208,student208@example.edu,FN208,LN208,C101,B,34
209,student209@example.edu,FN209,LN209,C101,B,82
210,student210@example.edu,FN210,LN210,C101,A,91
211,student211@example.edu,FN211,LN211,C101,B,37
212,student212@example.edu,FN212,LN212,C101,B,58
213,student213@example.edu,FN213,LN213,C101,B,89
214,student214@example.edu,FN214,LN214,C101,B,41
215,student215@example.edu,FN215,LN215,C101,B,63
216,student216@example.edu,FN216,LN216,C101,B,60
217,student217@example.edu,FN217,LN217,C101,B,14
218,student218@example.edu,FN218,LN218,C101,B,3
219,student219@example.edu,FN219,LN219,C101,B,39
220,student220@example.edu,FN220,LN220,C101,B,49
221,student221@example.edu,FN221,LN221,C101,B,43
222,student222@example.edu,FN222,LN222,C101,B,53
223,student223@example.edu,FN223,LN223,C101,B,24
224,student224@example.edu,FN224,LN224,C101,B,33
225,student225@example.edu,FN225,LN225,C101,B,13
226,student226@example.edu,FN226,LN226,C101,B,32
227,student227@example.edu,FN227,LN227,C101,A,93
228,student228@example.edu,FN228,LN228,C101,B,65
229,student229@example.edu,FN229,LN229,C101,B,26
230,student230@example.edu,FN230,LN230,C101,B,77
231,student231@example.edu,FN231,LN231,C101,B,55
232,student232@example.edu,FN232,LN232,C101,B,2
233,student233@example.edu,FN233,LN233,C101,B,28
234,student234@example.edu,FN234,LN234,C101,B,2
235,student235@example.edu,FN235,LN235,C101,B,50
236,student236@example.edu,FN236,LN236,C101,B,18
237,student237@example.edu,FN237,LN237,C101,B,4
238,student238@example.edu,FN238,LN238,C101,A,92
239,student239@example.edu,FN239,LN239,C101,B,20
240,student240@example.edu,FN240,LN240,C101,B,57
241,student241@example.edu,FN241,LN241,C101,B,90
242,student242@example.edu,FN242,LN242,C101,B,64
243,student243@example.edu,FN243,LN243,C101,B,86
244,student244@example.edu,FN244,LN244,C101,B,54
245,student245@example.edu,FN245,LN245,C101,B,69
246,student246@example.edu,FN246,LN246,C101,B,28
247,student247@example.edu,FN247,LN247,C101,B,80
248,student248@example.edu,FN248,LN248,C101,B,88
249,student249@example.edu,FN249,LN249,C101,B,66
250,updated250@example.edu,NEW250,LNEW250,C102,A,99
251,student251@example.edu,FN251,LN251,C101,B,28
252,student252@example.edu,FN252,LN252,C101,B,67
253,student253@example.edu,FN253,LN253,C101,B,83
254,student254@example.edu,FN254,LN254,C101,B,3
255,student255@example.edu,FN255,LN255,C101,B,50
256,student256@example.edu,FN256,LN256,C101,B,86
257,student257@example.edu,FN257,LN257,C101,B,73
258,student258@example.edu,FN258,LN258,C101,B,41
259,student259@example.edu,FN259,LN259,C101,B,84
260,student260@example.edu,FN260,LN260,C101,B,80
261,student261@example.edu,FN261,LN261,C101,B,54
262,student262@example.edu,FN262,LN262,C101,B,7
263,student263@example.edu,FN263,LN263,C101,A,94
264,student264@example.edu,FN264,LN264,C101,B,38
265,student265@example.edu,FN265,LN265,C101,B,16
266,student266@example.edu,FN266,LN266,C101,B,27
267,student267@example.edu,FN267,LN267,C101,B,6
268,student268@example.edu,FN268,LN268,C101,B,39
269,student269@example.edu,FN269,LN269,C101,B,9
270,student270@example.edu,FN270,LN270,C101,B,9
271,student271@example.edu,FN271,LN271,C101,B,39
272,student272@example.edu,FN272,LN272,C101,B,38
273,student273@example.edu,FN273,LN273,C101,A,95
274,student274@example.edu,FN274,LN274,C101,B,20
275,student275@example.edu,FN275,LN275,C101,B,53
276,student276@example.edu,FN276,LN276,C101,B,72
277,student277@example.edu,FN277,LN277,C101,B,32
278,student278@example.edu,FN278,LN278,C101,B,16
279,student279@example.edu,FN279,LN279,C101,B,1
280,student280@example.edu,FN280,LN280,C101,B,71
281,student281@example.edu,FN281,LN281,C101,B,4
282,student282@example.edu,FN282,LN282,C101,B,75
283,student283@example.edu,FN283,LN283,C101,B,27
284,student284@example.edu,FN284,LN284,C101,B,72
285,student285@example.edu,FN285,LN285,C101,B,58
286,student286@example.edu,FN286,LN286,C101,B,21
287,student287@example.edu,FN287,LN287,C101,A,99
288,student288@example.edu,FN288,LN288,C101,B,90
289,student289@example.edu,FN289,LN289,C101,B,79
290,student290@example.edu,FN290,LN290,C101,B,65
291,student291@example.edu,FN291,LN291,C101,B,4
292,student292@example.edu,FN292,LN292,C101,B,48
293,student293@example.edu,FN293,LN293,C101,B,25
294,student294@example.edu,FN294,LN294,C101,B,44
295,student295@example.edu,FN295,LN295,C101,B,12
296,student296@example.edu,FN296,LN296,C101,B,26
297,student297@example.edu,FN297,LN297,C101,B,73
298,student298@example.edu,FN298,LN298,C101,B,86
299,student299@example.edu,FN299,LN299,C101,B,55
300,student300@example.edu,FN300,LN300,C101,B,75
301,student301@example.edu,FN301,LN301,C101,B,24
302,student302@example.edu,FN302,LN302,C101,B,63
303,student303@example.edu,FN303,LN303,C101,B,13
304,student304@example.edu,FN304,LN304,C101,B,85
305,student305@example.edu,FN305,LN305,C101,B,49
306,student306@example.edu,FN306,LN306,C101,B,37
307,student307@example.edu,FN307,LN307,C101,B,64
308,student308@example.edu,FN308,LN308,C101,B,63
309,student309@example.edu,FN309,LN309,C101,B,2
310,student310@example.edu,FN310,LN310,C101,B,41
311,student311@example.edu,FN311,LN311,C101,B,78
312,student312@example.edu,FN312,LN312,C101,B,51
313,student313@example.edu,FN313,LN313,C101,B,36
314,student314@example.edu,FN314,LN314,C101,B,2
315,student315@example.edu,FN315,LN315,C101,B,20
316,student316@example.edu,FN316,LN316,C101,B,25
317,student317@example.edu,FN317,LN317,C101,B,41
318,student318@example.edu,FN318,LN318,C101,B,72
319,student319@example.edu,FN319,LN319,C101,A,100
320,student320@example.edu,FN320,LN320,C101,B,17
321,student321@example.edu,FN321,LN321,C101,B,43
322,student322@example.edu,FN322,LN322,C101,B,54
323,student323@example.edu,FN323,LN323,C101,B,27
324,student324@example.edu,FN324,LN324,C101,B,34
325,student325@example.edu,FN325,LN325,C101,B,86
326,student326@example.edu,FN326,LN326,C101,B,12
327,student327@example.edu,FN327,LN327,C101,B,48
328,student328@example.edu,FN328,LN328,C101,B,70
329,student329@example.edu,FN329,LN329,C101,B,44
330,student330@example.edu,FN330,LN330,C101,B,87
331,student331@example.edu,FN331,LN331,C101,B,68
332,student332@example.edu,FN332,LN332,C101,B,62
333,student333@example.edu,FN333,LN333,C101,A,98
334,student334@example.edu,FN334,LN334,C101,B,68
335,student335@example.edu,FN335,LN335,C101,B,30
336,student336@example.edu,FN336,LN336,C101,B,8
337,student337@example.edu,FN337,LN337,C101,A,92
338,student338@example.edu,FN338,LN338,C101,B,5
339,student339@example.edu,FN339,LN339,C101,B,10
340,student340@example.edu,FN340,LN340,C101,B,17
341,student341@example.edu,FN341,LN341,C101,B,21
342,student342@example.edu,FN342,LN342,C101,B,21
343,student343@example.edu,FN343,LN343,C101,B,68
344,student344@example.edu,FN344,LN344,C101,B,27
345,student345@example.edu,FN345,LN345,C101,B,34
346,student346@example.edu,FN346,LN346,C101,A,97
347,student347@example.edu,FN347,LN347,C101,B,42
348,student348@example.edu,FN348,LN348,C101,B,76
349,student349@example.edu,FN349,LN349,C101,B,64
350,student350@example.edu,FN350,LN350,C101,B,32
351,student351@example.edu,FN351,LN351,C101,B,47
352,student352@example.edu,FN352,LN352,C101,B,43
353,student353@example.edu,FN353,LN353,C101,B,43
354,student354@example.edu,FN354,LN354,C101,B,14
355,student355@example.edu,FN355,LN355,C101,B,37
356,student356@example.edu,FN356,LN356,C101,B,30
357,student357@example.edu,FN357,LN357,C101,B,77
358,student358@example.edu,FN358,LN358,C101,A,99
359,student359@example.edu,FN359,LN359,C101,A,91
360,student360@example.edu,FN360,LN360,C101,B,62
361,student361@example.edu,FN361,LN361,C101,B,17
362,student362@example.edu,FN362,LN362,C101,B,74
363,student363@example.edu,FN363,LN363,C101,B,70
364,student364@example.edu,FN364,LN364,C101,A,98
365,student365@example.edu,FN365,LN365,C101,B,13
366,student366@example.edu,FN366,LN366,C101,B,41
367,student367@example.edu,FN367,LN367,C101,B,5
368,student368@example.edu,FN368,LN368,C101,B,52
369,student369@example.edu,FN369,LN369,C101,B,9
370,student370@example.edu,FN370,LN370,C101,B,48
371,student371@example.edu,FN371,LN371,C101,A,100
372,student372@example.edu,FN372,LN372,C101,B,18
373,student373@example.edu,FN373,LN373,C101,B,16
374,student374@example.edu,FN374,LN374,C101,B,43
375,student375@example.edu,FN375,LN375,C101,B,14
376,student376@example.edu,FN376,LN376,C101,B,78
377,student377@example.edu,FN377,LN377,C101,B,75
378,student378@example.edu,FN378,LN378,C101,A,100
379,student379@example.edu,FN379,LN379,C101,B,48
380,student380@example.edu,FN380,LN380,C101,B,9
381,student381@example.edu,FN381,LN381,C101,B,73
382,student382@example.edu,FN382,LN382,C101,B,70
383,student383@example.edu,FN383,LN383,C101,B,28
384,student384@example.edu,FN384,LN384,C101,B,72
385,student385@example.edu,FN385,LN385,C101,B,10
386,student386@example.edu,FN386,LN386,C101,B,34
387,student387@example.edu,FN387,LN387,C101,B,46
388,student388@example.edu,FN388,LN388,C101,B,37
389,student389@example.edu,FN389,LN389,C101,B,72
390,student390@example.edu,FN390,LN390,C101,B,68
391,student391@example.edu,FN391,LN391,C101,B,14
392,student392@example.edu,FN392,LN392,C101,B,58
393,student393@example.edu,FN393,LN393,C101,B,35
394,student394@example.edu,FN394,LN394,C101,B,13
395,student395@example.edu,FN395,LN395,C101,A,100
396,student396@example.edu,FN396,LN396,C101,B,5
397,student397@example.edu,FN397,LN397,C101,B,37
398,student398@example.edu,FN398,LN398,C101,B,1
399,student399@example.edu,FN399,LN399,C101,B,78
400,student400@example.edu,FN400,LN400,C101,B,85
401,student401@example.edu,FN401,LN401,C101,B,1
402,student402@example.edu,FN402,LN402,C101,B,11
403,student403@example.edu,FN403,LN403,C101,B,52
404,student404@example.edu,FN404,LN404,C101,B,14
405,student405@example.edu,FN405,LN405,C101,B,5
406,student406@example.edu,FN406,LN406,C101,B,24
407,student407@example.edu,FN407,LN407,C101,B,30
408,student408@example.edu,FN408,LN408,C101,A,100
409,student409@example.edu,FN409,LN409,C101,B,75
410,student410@example.edu,FN410,LN410,C101,B,53
411,student411@example.edu,FN411,LN411,C101,B,20
412,student412@example.edu,FN412,LN412,C101,B,14
413,student413@example.edu,FN413,LN413,C101,B,57
414,student414@example.edu,FN414,LN414,C101,B,21
415,student415@example.edu,FN415,LN415,C101,B,87
416,student416@example.edu,FN416,LN416,C101,B,30
417,student417@example.edu,FN417,LN417,C101,B,20
418,student418@example.edu,FN418,LN418,C101,A,95
419,student419@example.edu,FN419,LN419,C101,B,13
420,student420@example.edu,FN420,LN420,C101,B,55
421,student421@example.edu,FN421,LN421,C101,B,48
422,student422@example.edu,FN422,LN422,C101,B,69
423,student423@example.edu,FN423,LN423,C101,B,37
424,student424@example.edu,FN424,LN424,C101,B,70
425,student425@example.edu,FN425,LN425,C101,B,32
426,student426@example.edu,FN426,LN426,C101,A,91
427,student427@example.edu,FN427,LN427,C101,B,61
428,student428@example.edu,FN428,LN428,C101,B,40
429,student429@example.edu,FN429,LN429,C101,B,12
430,student430@example.edu,FN430,LN430,C101,B,26
431,student431@example.edu,FN431,LN431,C101,B,83
432,student432@example.edu,FN432,LN432,C101,B,40
433,student433@example.edu,FN433,LN433,C101,B,5
434,student434@example.edu,FN434,LN434,C101,B,3
435,student435@example.edu,FN435,LN435,C101,B,1
436,student436@example.edu,FN436,LN436,C101,A,100
437,student437@example.edu,FN437,LN437,C101,B,37
438,student438@example.edu,FN438,LN438,C101,A,92
439,student439@example.edu,FN439,LN439,C101,B,76
440,student440@example.edu,FN440,LN440,C101,B,40
441,student441@example.edu,FN441,LN441,C101,B,57
442,student442@example.edu,FN442,LN442,C101,B,50
443,student443@example.edu,FN443,LN443,C101,B,40
444,student444@example.edu,FN444,LN444,C101,B,51
445,student445@example.edu,FN445,LN445,C101,B,8
446,student446@example.edu,FN446,LN446,C101,B,8
447,student447@example.edu,FN447,LN447,C101,B,40
448,student448@example.edu,FN448,LN448,C101,B,76
449,student449@example.edu,FN449,LN449,C101,B,58
450,student450@example.edu,FN450,LN450,C101,B,14
451,student451@example.edu,FN451,LN451,C101,B,32
452,student452@example.edu,FN452,LN452,C101,B,27
453,student453@example.edu,FN453,LN453,C101,A,100
454,student454@example.edu,FN454,LN454,C101,B,79
455,student455@example.edu,FN455,LN455,C101,A,99
456,student456@example.edu,FN456,LN456,C101,B,69
457,student457@example.edu,FN457,LN457,C101,B,88
458,student458@example.edu,FN458,LN458,C101,B,60
459,student459@example.edu,FN459,LN459,C101,B,84
460,student460@example.edu,FN460,LN460,C101,B,45
461,student461@example.edu,FN461,LN461,C101,B,33
462,student462@example.edu,FN462,LN462,C101,B,23
463,student463@example.edu,FN463,LN463,C101,B,69
464,student464@example.edu,FN464,LN464,C101,B,26
465,student465@example.edu,FN465,LN465,C101,B,39
466,student466@example.edu,FN466,LN466,C101,B,25
467,student467@example.edu,FN467,LN467,C101,B,31
468,student468@example.edu,FN468,LN468,C101,B,46
469,student469@example.edu,FN469,LN469,C101,B,10
470,student470@example.edu,FN470,LN470,C101,B,35
471,student471@example.edu,FN471,LN471,C101,B,11
472,student472@example.edu,FN472,LN472,C101,A,96
473,student473@example.edu,FN473,LN473,C101,B,57
474,student474@example.edu,FN474,LN474,C101,B,11
475,student475@example.edu,FN475,LN475,C101,B,83
476,student476@example.edu,FN476,LN476,C101,B,73
477,student477@example.edu,FN477,LN477,C101,B,82
478,student478@example.edu,FN478,LN478,C101,B,43
479,student479@example.edu,FN479,LN479,C101,B,29
480,student480@example.edu,FN480,LN480,C101,B,49
481,student481@example.edu,FN481,LN481,C101,B,39
482,student482@example.edu,FN482,LN482,C101,B,5
483,student483@example.edu,FN483,LN483,C101,B,41
484,student484@example.edu,FN484,LN484,C101,B,23
485,student485@example.edu,FN485,LN485,C101,B,40
486,student486@example.edu,FN486,LN486,C101,B,74
487,student487@example.edu,FN487,LN487,C101,B,38
488,student488@example.edu,FN488,LN488,C101,B,31
489,student489@example.edu,FN489,LN489,C101,B,42
490,student490@example.edu,FN490,LN490,C101,B,12
491,student491@example.edu,FN491,LN491,C101,B,69
492,student492@example.edu,FN492,LN492,C101,B,78
493,student493@example.edu,FN493,LN493,C101,B,74
494,student494@example.edu,FN494,LN494,C101,B,76
495,student495@example.edu,FN495,LN495,C101,B,11
496,student496@example.edu,FN496,LN496,C101,B,31
497,student497@example.edu,FN497,LN497,C101,B,28
498,student498@example.edu,FN498,LN498,C101,B,2
499,student499@example.edu,FN499,LN499,C101,B,31
500,updated500@example.edu,NEW500,LNEW500,C102,A,99
501,student501@example.edu,FN501,LN501,C101,B,9
502,student502@example.edu,FN502,LN502,C101,B,34
503,student503@example.edu,FN503,LN503,C101,B,70
504,student504@example.edu,FN504,LN504,C101,B,9
505,student505@example.edu,FN505,LN505,C101,A,93
506,student506@example.edu,FN506,LN506,C101,B,9
507,student507@example.edu,FN507,LN507,C101,B,2
508,student508@example.edu,FN508,LN508,C101,B,81
509,student509@example.edu,FN509,LN509,C101,B,1
510,student510@example.edu,FN510,LN510,C101,B,37
511,student511@example.edu,FN511,LN511,C101,A,96
512,student512@example.edu,FN512,LN512,C101,B,45
513,student513@example.edu,FN513,LN513,C101,B,63
514,student514@example.edu,FN514,LN514,C101,B,60
515,student515@example.edu,FN515,LN515,C101,B,19
516,student516@example.edu,FN516,LN516,C101,B,12
517,student517@example.edu,FN517,LN517,C101,B,64
518,student518@example.edu,FN518,LN518,C101,A,99
519,student519@example.edu,FN519,LN519,C101,B,41
520,student520@example.edu,FN520,LN520,C101,B,9
521,student521@example.edu,FN521,LN521,C101,B,65
522,student522@example.edu,FN522,LN522,C101,B,85
523,student523@example.edu,FN523,LN523,C101,B,22
524,student524@example.edu,FN524,LN524,C101,B,22
525,student525@example.edu,FN525,LN525,C101,A,99
526,student526@example.edu,FN526,LN526,C101,B,19
527,student527@example.edu,FN527,LN527,C101,B,18
528,student528@example.edu,FN528,LN528,C101,B,40
529,student529@example.edu,FN529,LN529,C101,B,39
530,student530@example.edu,FN530,LN530,C101,B,13
531,student531@example.edu,FN531,LN531,C101,B,90
532,student532@example.edu,FN532,LN532,C101,B,65
533,student533@example.edu,FN533,LN533,C101,B,77
534,student534@example.edu,FN534,LN534,C101,B,37
535,student535@example.edu,FN535,LN535,C101,B,16
536,student536@example.edu,FN536,LN536,C101,B,26
537,student537@example.edu,FN537,LN537,C101,B,18
538,student538@example.edu,FN538,LN538,C101,B,69
539,student539@example.edu,FN539,LN539,C101,A,92
540,student540@example.edu,FN540,LN540,C101,B,4
541,student541@example.edu,FN541,LN541,C101,A,99
542,student542@example.edu,FN542,LN542,C101,B,40
543,student543@example.edu,FN543,LN543,C101,B,79
544,student544@example.edu,FN544,LN544,C101,B,86
545,student545@example.edu,FN545,LN545,C101,B,70
546,student546@example.edu,FN546,LN546,C101,A,95
547,student547@example.edu,FN547,LN547,C101,B,88
548,student548@example.edu,FN548,LN548,C101,B,26
549,student549@example.edu,FN549,LN549,C101,B,22
550,student550@example.edu,FN550,LN550,C101,B,38
551,student551@example.edu,FN551,LN551,C101,B,55
552,student552@example.edu,FN552,LN552,C101,B,68
553,student553@example.edu,FN553,LN553,C101,B,20
554,student554@example.edu,FN554,LN554,C101,B,6
555,student555@example.edu,FN555,LN555,C101,A,91
556,student556@example.edu,FN556,LN556,C101,B,85
557,student557@example.edu,FN557,LN557,C101,B,31
558,student558@example.edu,FN558,LN558,C101,B,32
559,student559@example.edu,FN559,LN559,C101,A,99
560,student560@example.edu,FN560,LN560,C101,B,8
561,student561@example.edu,FN561,LN561,C101,B,87
562,student562@example.edu,FN562,LN562,C101,B,57
563,student563@example.edu,FN563,LN563,C101,B,55
564,student564@example.edu,FN564,LN564,C101,B,70
565,student565@example.edu,FN565,LN565,C101,B,32
566,student566@example.edu,FN566,LN566,C101,B,69
567,student567@example.edu,FN567,LN567,C101,B,56
568,student568@example.edu,FN568,LN568,C101,B,68
569,student569@example.edu,FN569,LN569,C101,B,58
570,student570@example.edu,FN570,LN570,C101,B,1
571,student571@example.edu,FN571,LN571,C101,B,50
572,student572@example.edu,FN572,LN572,C101,B,43
573,student573@example.edu,FN573,LN573,C101,B,21
574,student574@example.edu,FN574,LN574,C101,B,33
575,student575@example.edu,FN575,LN575,C101,B,62
576,student576@example.edu,FN576,LN576,C101,B,3
577,student577@example.edu,FN577,LN577,C101,B,82
578,student578@example.edu,FN578,LN578,C101,B,53
579,student579@example.edu,FN579,LN579,C101,B,73
580,student580@example.edu,FN580,LN580,C101,B,2
581,student581@example.edu,FN581,LN581,C101,B,7
582,student582@example.edu,FN582,LN582,C101,B,88
583,student583@example.edu,FN583,LN583,C101,B,45
584,student584@example.edu,FN584,LN584,C101,B,74
585,student585@example.edu,FN585,LN585,C101,B,17
586,student586@example.edu,FN586,LN586,C101,B,75
587,student587@example.edu,FN587,LN587,C101,B,16
588,student588@example.edu,FN588,LN588,C101,B,17
589,student589@example.edu,FN589,LN589,C101,B,33
590,student590@example.edu,FN590,LN590,C101,B,35
591,student591@example.edu,FN591,LN591,C101,B,50
592,student592@example.edu,FN592,LN592,C101,B,72
593,student593@example.edu,FN593,LN593,C101,B,51
594,student594@example.edu,FN594,LN594,C101,B,22
595,student595@example.edu,FN595,LN595,C101,B,78
596,student596@example.edu,FN596,LN596,C101,B,11
597,student597@example.edu,FN597,LN597,C101,B,29
598,student598@example.edu,FN598,LN598,C101,B,62
599,student599@example.edu,FN599,LN599,C101,B,0
600,student600@example.edu,FN600,LN600,C101,B,22
601,student601@example.edu,FN601,LN601,C101,B,67
602,student602@example.edu,FN602,LN602,C101,B,40
603,student603@example.edu,FN603,LN603,C101,B,64
604,student604@example.edu,FN604,LN604,C101,B,83
605,student605@example.edu,FN605,LN605,C101,B,56
606,student606@example.edu,FN606,LN606,C101,B,87
607,student607@example.edu,FN607,LN607,C101,B,81
608,student608@example.edu,FN608,LN608,C101,A,93
609,student609@example.edu,FN609,LN609,C101,B,28
610,student610@example.edu,FN610,LN610,C101,B,30
611,student611@example.edu,FN611,LN611,C101,B,40
612,student612@example.edu,FN612,LN612,C101,B,63
613,student613@example.edu,FN613,LN613,C101,B,87
614,student614@example.edu,FN614,LN614,C101,B,61
615,student615@example.edu,FN615,LN615,C101,B,28
616,student616@example.edu,FN616,LN616,C101,A,91
617,student617@example.edu,FN617,LN617,C101,B,52
618,student618@example.edu,FN618,LN618,C101,B,43
619,student619@example.edu,FN619,LN619,C101,B,71
620,student620@example.edu,FN620,LN620,C101,B,78
621,student621@example.edu,FN621,LN621,C101,A,93
622,student622@example.edu,FN622,LN622,C101,B,83
623,student623@example.edu,FN623,LN623,C101,B,35
624,student624@example.edu,FN624,LN624,C101,B,82
625,student625@example.edu,FN625,LN625,C101,B,28
626,student626@example.edu,FN626,LN626,C101,B,6
627,student627@example.edu,FN627,LN627,C101,B,9
628,student628@example.edu,FN628,LN628,C101,A,97
629,student629@example.edu,FN629,LN629,C101,B,65
630,student630@example.edu,FN630,LN630,C101,B,82
631,student631@example.edu,FN631,LN631,C101,B,47
632,student632@example.edu,FN632,LN632,C101,B,20
633,student633@example.edu,FN633,LN633,C101,B,65
634,student634@example.edu,FN634,LN634,C101,A,98
635,student635@example.edu,FN635,LN635,C101,B,26
636,student636@example.edu,FN636,LN636,C101,B,39
637,student637@example.edu,FN637,LN637,C101,B,38
638,student638@example.edu,FN638,LN638,C101,B,88
639,student639@example.edu,FN639,LN639,C101,B,38
640,student640@example.edu,FN640,LN640,C101,B,70
641,student641@example.edu,FN641,LN641,C101,B,47
642,student642@example.edu,FN642,LN642,C101,B,21
643,student643@example.edu,FN643,LN643,C101,B,89
644,student644@example.edu,FN644,LN644,C101,B,89
645,student645@example.edu,FN645,LN645,C101,A,94
646,student646@example.edu,FN646,LN646,C101,B,59
647,student647@example.edu,FN647,LN647,C101,B,76
648,student648@example.edu,FN648,LN648,C101,B,10
649,student649@example.edu,FN649,LN649,C101,B,15
650,student650@example.edu,FN650,LN650,C101,B,77
651,student651@example.edu,FN651,LN651,C101,B,65
652,student652@example.edu,FN652,LN652,C101,B,73
653,student653@example.edu,FN653,LN653,C101,B,48
654,student654@example.edu,FN654,LN654,C101,B,22
655,student655@example.edu,FN655,LN655,C101,B,19
656,student656@example.edu,FN656,LN656,C101,B,32
657,student657@example.edu,FN657,LN657,C101,B,54
658,student658@example.edu,FN658,LN658,C101,B,27
659,student659@example.edu,FN659,LN659,C101,B,72
660,student660@example.edu,FN660,LN660,C101,A,92
661,student661@example.edu,FN661,LN661,C101,A,96
662,student662@example.edu,FN662,LN662,C101,A,100
663,student663@example.edu,FN663,LN663,C101,B,6
664,student664@example.edu,FN664,LN664,C101,B,63
665,student665@example.edu,FN665,LN665,C101,B,87
666,student666@example.edu,FN666,LN666,C101,B,50
667,student667@example.edu,FN667,LN667,C101,A,91
668,student668@example.edu,FN668,LN668,C101,B,81
669,student669@example.edu,FN669,LN669,C101,B,44
670,student670@example.edu,FN670,LN670,C101,B,49
671,student671@example.edu,FN671,LN671,C101,B,65
672,student672@example.edu,FN672,LN672,C101,B,21
673,student673@example.edu,FN673,LN673,C101,B,69
674,student674@example.edu,FN674,LN674,C101,A,93
675,student675@example.edu,FN675,LN675,C101,B,5
676,student676@example.edu,FN676,LN676,C101,B,67
677,student677@example.edu,FN677,LN677,C101,B,11
678,student678@example.edu,FN678,LN678,C101,B,32
679,student679@example.edu,FN679,LN679,C101,B,80
680,student680@example.edu,FN680,LN680,C101,B,12
681,student681@example.edu,FN681,LN681,C101,B,34
682,student682@example.edu,FN682,LN682,C101,A,94
683,student683@example.edu,FN683,LN683,C101,B,10
684,student684@example.edu,FN684,LN684,C101,B,17
685,student685@example.edu,FN685,LN685,C101,A,99
686,student686@example.edu,FN686,LN686,C101,B,78
687,student687@example.edu,FN687,LN687,C101,B,84
688,student688@example.edu,FN688,LN688,C101,B,87
689,student689@example.edu,FN689,LN689,C101,B,89
690,student690@example.edu,FN690,LN690,C101,B,10
691,student691@example.edu,FN691,LN691,C101,B,56
692,student692@example.edu,FN692,LN692,C101,B,30
693,student693@example.edu,FN693,LN693,C101,B,48
694,student694@example.edu,FN694,LN694,C101,B,55
695,student695@example.edu,FN695,LN695,C101,B,50
696,student696@example.edu,FN696,LN696,C101,B,21
697,student697@example.edu,FN697,LN697,C101,B,41
698,student698@example.edu,FN698,LN698,C101,B,56
699,student699@example.edu,FN699,LN699,C101,B,16
700,student700@example.edu,FN700,LN700,C101,B,79
701,student701@example.edu,FN701,LN701,C101,B,62
702,student702@example.edu,FN702,LN702,C101,B,27
703,student703@example.edu,FN703,LN703,C101,B,15
704,student704@example.edu,FN704,LN704,C101,B,55
705,student705@example.edu,FN705,LN705,C101,B,76
706,student706@example.edu,FN706,LN706,C101,B,68
707,student707@example.edu,FN707,LN707,C101,B,52
708,student708@example.edu,FN708,LN708,C101,B,15
709,student709@example.edu,FN709,LN709,C101,B,84
710,student710@example.edu,FN710,LN710,C101,B,37
711,student711@example.edu,FN711,LN711,C101,B,35
712,student712@example.edu,FN712,LN712,C101,B,31
713,student713@example.edu,FN713,LN713,C101,B,48
714,student714@example.edu,FN714,LN714,C101,A,95
715,student715@example.edu,FN715,LN715,C101,B,71
716,student716@example.edu,FN716,LN716,C101,B,0
717,student717@example.edu,FN717,LN717,C101,B,24
718,student718@example.edu,FN718,LN718,C101,B,67
719,student719@example.edu,FN719,LN719,C101,B,56
720,student720@example.edu,FN720,LN720,C101,B,74
721,student721@example.edu,FN721,LN721,C101,B,2
722,student722@example.edu,FN722,LN722,C101,B,3
723,student723@example.edu,FN723,LN723,C101,B,80
724,student724@example.edu,FN724,LN724,C101,B,77
725,student725@example.edu,FN725,LN725,C101,B,31
726,student726@example.edu,FN726,LN726,C101,B,33
727,student727@example.edu,FN727,LN727,C101,B,26
728,student728@example.edu,FN728,LN728,C101,B,22
729,student729@example.edu,FN729,LN729,C101,B,36
730,student730@example.edu,FN730,LN730,C101,B,18
731,student731@example.edu,FN731,LN731,C101,B,69
732,student732@example.edu,FN732,LN732,C101,B,25
733,student733@example.edu,FN733,LN733,C101,B,34
734,student734@example.edu,FN734,LN734,C101,B,39
735,student735@example.edu,FN735,LN735,C101,B,74
736,student736@example.edu,FN736,LN736,C101,A,96
737,student737@example.edu,FN737,LN737,C101,B,32
738,student738@example.edu,FN738,LN738,C101,B,87
739,student739@example.edu,FN739,LN739,C101,B,57
740,student740@example.edu,FN740,LN740,C101,B,21
741,student741@example.edu,FN741,LN741,C101,B,69
742,student742@example.edu,FN742,LN742,C101,B,45
743,student743@example.edu,FN743,LN743,C101,B,62
744,student744@example.edu,FN744,LN744,C101,B,53
745,student745@example.edu,FN745,LN745,C101,B,15
746,student746@example.edu,FN746,LN746,C101,A,98
747,student747@example.edu,FN747,LN747,C101,B,26
748,student748@example.edu,FN748,LN748,C101,B,73
749,student749@example.edu,FN749,LN749,C101,B,49
750,updated750@example.edu,NEW750,LNEW750,C102,A,99
751,student751@example.edu,FN751,LN751,C101,B,36
752,student752@example.edu,FN752,LN752,C101,B,13
753,student753@example.edu,FN753,LN753,C101,B,3
754,student754@example.edu,FN754,LN754,C101,B,15
755,student755@example.edu,FN755,LN755,C101,B,72
756,student756@example.edu,FN756,LN756,C101,A,95
757,student757@example.edu,FN757,LN757,C101,B,1
758,student758@example.edu,FN758,LN758,C101,B,69
759,student759@example.edu,FN759,LN759,C101,B,37
760,student760@example.edu,FN760,LN760,C101,B,86
761,student761@example.edu,FN761,LN761,C101,A,97
762,student762@example.edu,FN762,LN762,C101,A,92
763,student763@example.edu,FN763,LN763,C101,B,83
764,student764@example.edu,FN764,LN764,C101,B,17
765,student765@example.edu,FN765,LN765,C101,B,9
766,student766@example.edu,FN766,LN766,C101,B,64
767,student767@example.edu,FN767,LN767,C101,B,47
768,student768@example.edu,FN768,LN768,C101,B,73
769,student769@example.edu,FN769,LN769,C101,B,39
770,student770@example.edu,FN770,LN770,C101,B,55
771,student771@example.edu,FN771,LN771,C101,B,64
772,student772@example.edu,FN772,LN772,C101,B,86
773,student773@example.edu,FN773,LN773,C101,B,45
774,student774@example.edu,FN774,LN774,C101,A,97
775,student775@example.edu,FN775,LN775,C101,B,67
776,student776@example.edu,FN776,LN776,C101,B,41
777,student777@example.edu,FN777,LN777,C101,B,0
778,student778@example.edu,FN778,LN778,C101,B,15
779,student779@example.edu,FN779,LN779,C101,B,56
780,student780@example.edu,FN780,LN780,C101,A,91
781,student781@example.edu,FN781,LN781,C101,B,57
782,student782@example.edu,FN782,LN782,C101,B,44
783,student783@example.edu,FN783,LN783,C101,B,39
784,student784@example.edu,FN784,LN784,C101,B,69
785,student785@example.edu,FN785,LN785,C101,B,51
786,student786@example.edu,FN786,LN786,C101,B,43
787,student787@example.edu,FN787,LN787,C101,A,100
788,student788@example.edu,FN788,LN788,C101,A,93
789,student789@example.edu,FN789,LN789,C101,B,87
790,student790@example.edu,FN790,LN790,C101,B,73
791,student791@example.edu,FN791,LN791,C101,B,63
792,student792@example.edu,FN792,LN792,C101,B,14
793,student793@example.edu,FN793,LN793,C101,B,82
794,student794@example.edu,FN794,LN794,C101,B,48
795,student795@example.edu,FN795,LN795,C101,B,48
796,student796@example.edu,FN796,LN796,C101,B,26
797,student797@example.edu,FN797,LN797,C101,B,71
798,student798@example.edu,FN798,LN798,C101,B,0
799,student799@example.edu,FN799,LN799,C101,B,35
800,student800@example.edu,FN800,LN800,C101,B,81
801,student801@example.edu,FN801,LN801,C101,B,76
802,student802@example.edu,FN802,LN802,C101,A,92
803,student803@example.edu,FN803,LN803,C101,A,94
804,student804@example.edu,FN804,LN804,C101,A,93
805,student805@example.edu,FN805,LN805,C101,B,65
806,student806@example.edu,FN806,LN806,C101,B,25
807,student807@example.edu,FN807,LN807,C101,B,59
808,student808@example.edu,FN808,LN808,C101,B,76
809,student809@example.edu,FN809,LN809,C101,B,66
810,student810@example.edu,FN810,LN810,C101,B,52
811,student811@example.edu,FN811,LN811,C101,A,95
812,student812@example.edu,FN812,LN812,C101,A,91
813,student813@example.edu,FN813,LN813,C101,B,39
814,student814@example.edu,FN814,LN814,C101,B,89
815,student815@example.edu,FN815,LN815,C101,B,21
816,student816@example.edu,FN816,LN816,C101,B,57
817,student817@example.edu,FN817,LN817,C101,B,79
818,student818@example.edu,FN818,LN818,C101,B,85
819,student819@example.edu,FN819,LN819,C101,B,67
820,student820@example.edu,FN820,LN820,C101,B,25
821,student821@example.edu,FN821,LN821,C101,B,46
822,student822@example.edu,FN822,LN822,C101,B,67
823,student823@example.edu,FN823,LN823,C101,B,0
824,student824@example.edu,FN824,LN824,C101,B,86
825,student825@example.edu,FN825,LN825,C101,B,49
826,student826@example.edu,FN826,LN826,C101,B,74
827,student827@example.edu,FN827,LN827,C101,B,54
828,student828@example.edu,FN828,LN828,C101,B,51
829,student829@example.edu,FN829,LN829,C101,B,43
830,student830@example.edu,FN830,LN830,C101,B,79
831,student831@example.edu,FN831,LN831,C101,B,74
832,student832@example.edu,FN832,LN832,C101,A,93
833,student833@example.edu,FN833,LN833,C101,B,89
834,student834@example.edu,FN834,LN834,C101,A,95
835,student835@example.edu,FN835,LN835,C101,B,8
836,student836@example.edu,FN836,LN836,C101,B,63
837,student837@example.edu,FN837,LN837,C101,A,95
838,student838@example.edu,FN838,LN838,C101,B,31
839,student839@example.edu,FN839,LN839,C101,B,81
840,student840@example.edu,FN840,LN840,C101,B,83
841,student841@example.edu,FN841,LN841,C101,B,37
842,student842@example.edu,FN842,LN842,C101,B,80
843,student843@example.edu,FN843,LN843,C101,B,2
844,student844@example.edu,FN844,LN844,C101,B,52
845,student845@example.edu,FN845,LN845,C101,A,92
846,student846@example.edu,FN846,LN846,C101,B,80
847,student847@example.edu,FN847,LN847,C101,B,19
848,student848@example.edu,FN848,LN848,C101,B,81
849,student849@example.edu,FN849,LN849,C101,A,99
850,student850@example.edu,FN850,LN850,C101,B,50
851,student851@example.edu,FN851,LN851,C101,A,100
852,student852@example.edu,FN852,LN852,C101,B,34
853,student853@example.edu,FN853,LN853,C101,B,22
854,student854@example.edu,FN854,LN854,C101,A,98
855,student855@example.edu,FN855,LN855,C101,B,9
856,student856@example.edu,FN856,LN856,C101,A,99
857,student857@example.edu,FN857,LN857,C101,B,77
858,student858@example.edu,FN858,LN858,C101,B,1
859,student859@example.edu,FN859,LN859,C101,B,44
860,student860@example.edu,FN860,LN860,C101,B,33
861,student861@example.edu,FN861,LN861,C101,B,90
862,student862@example.edu,FN862,LN862,C101,B,52
863,student863@example.edu,FN863,LN863,C101,B,87
864,student864@example.edu,FN864,LN864,C101,B,69
865,student865@example.edu,FN865,LN865,C101,B,38
866,student866@example.edu,FN866,LN866,C101,B,19
867,student867@example.edu,FN867,LN867,C101,B,59
868,student868@example.edu,FN868,LN868,C101,B,33
869,student869@example.edu,FN869,LN869,C101,B,62
870,student870@example.edu,FN870,LN870,C101,B,21
871,student871@example.edu,FN871,LN871,C101,B,59
872,student872@example.edu,FN872,LN872,C101,B,65
873,student873@example.edu,FN873,LN873,C101,B,5
874,student874@example.edu,FN874,LN874,C101,B,34
875,student875@example.edu,FN875,LN875,C101,B,65
876,student876@example.edu,FN876,LN876,C101,B,12
877,student877@example.edu,FN877,LN877,C101,A,95
878,student878@example.edu,FN878,LN878,C101,B,75
879,student879@example.edu,FN879,LN879,C101,B,54
880,student880@example.edu,FN880,LN880,C101,B,8
881,student881@example.edu,FN881,LN881,C101,B,45
882,student882@example.edu,FN882,LN882,C101,B,8
883,student883@example.edu,FN883,LN883,C101,B,84
884,student884@example.edu,FN884,LN884,C101,B,56
885,student885@example.edu,FN885,LN885,C101,B,2
886,student886@example.edu,FN886,LN886,C101,B,21
887,student887@example.edu,FN887,LN887,C101,B,64
888,student888@example.edu,FN888,LN888,C101,B,90
889,student889@example.edu,FN889,LN889,C101,B,20
890,student890@example.edu,FN890,LN890,C101,B,88
891,student891@example.edu,FN891,LN891,C101,B,11
892,student892@example.edu,FN892,LN892,C101,B,51
893,student893@example.edu,FN893,LN893,C101,B,81
894,student894@example.edu,FN894,LN894,C101,B,88
895,student895@example.edu,FN895,LN895,C101,B,35
896,student896@example.edu,FN896,LN896,C101,B,77
897,student897@example.edu,FN897,LN897,C101,B,38
898,student898@example.edu,FN898,LN898,C101,B,26
899,student899@example.edu,FN899,LN899,C101,B,67
900,student900@example.edu,FN900,LN900,C101,B,26
901,student901@example.edu,FN901,LN901,C101,B,30
902,student902@example.edu,FN902,LN902,C101,B,42
903,student903@example.edu,FN903,LN903,C101,B,34
904,student904@example.edu,FN904,LN904,C101,B,8
905,student905@example.edu,FN905,LN905,C101,B,9
906,student906@example.edu,FN906,LN906,C101,B,89
907,student907@example.edu,FN907,LN907,C101,B,66
908,student908@example.edu,FN908,LN908,C101,B,84
909,student909@example.edu,FN909,LN909,C101,B,47
910,student910@example.edu,FN910,LN910,C101,B,59
911,student911@example.edu,FN911,LN911,C101,B,65
912,student912@example.edu,FN912,LN912,C101,B,71
913,student913@example.edu,FN913,LN913,C101,A,94
914,student914@example.edu,FN914,LN914,C101,B,6
915,student915@example.edu,FN915,LN915,C101,B,21
916,student916@example.edu,FN916,LN916,C101,B,38
917,student917@example.edu,FN917,LN917,C101,B,83
918,student918@example.edu,FN918,LN918,C101,A,94
919,student919@example.edu,FN919,LN919,C101,A,91
920,student920@example.edu,FN920,LN920,C101,B,71
921,student921@example.edu,FN921,LN921,C101,B,34
922,student922@example.edu,FN922,LN922,C101,B,45
923,student923@example.edu,FN923,LN923,C101,B,78
924,student924@example.edu,FN924,LN924,C101,A,94
925,student925@example.edu,FN925,LN925,C101,B,29
926,student926@example.edu,FN926,LN926,C101,B,50
927,student927@example.edu,FN927,LN927,C101,B,71
928,student928@example.edu,FN928,LN928,C101,B,51
929,student929@example.edu,FN929,LN929,C101,B,22
930,student930@example.edu,FN930,LN930,C101,B,61
931,student931@example.edu,FN931,LN931,C101,B,33
932,student932@example.edu,FN932,LN932,C101,B,78
933,student933@example.edu,FN933,LN933,C101,B,42
934,student934@example.edu,FN934,LN934,C101,A,91
935,student935@example.edu,FN935,LN935,C101,B,28
936,student936@example.edu,FN936,LN936,C101,B,33
937,student937@example.edu,FN937,LN937,C101,B,78
938,student938@example.edu,FN938,LN938,C101,B,90
939,student939@example.edu,FN939,LN939,C101,B,31
940,student940@example.edu,FN940,LN940,C101,B,84
941,student941@example.edu,FN941,LN941,C101,B,3
942,student942@example.edu,FN942,LN942,C101,B,79
943,student943@example.edu,FN943,LN943,C101,B,51
944,student944@example.edu,FN944,LN944,C101,B,40
945,student945@example.edu,FN945,LN945,C101,B,55
946,student946@example.edu,FN946,LN946,C101,A,97
947,student947@example.edu,FN947,LN947,C101,B,31
948,student948@example.edu,FN948,LN948,C101,A,100
949,student949@example.edu,FN949,LN949,C101,B,34
950,student950@example.edu,FN950,LN950,C101,B,24
951,student951@example.edu,FN951,LN951,C101,B,9
952,student952@example.edu,FN952,LN952,C101,B,80
953,student953@example.edu,FN953,LN953,C101,A,93
954,student954@example.edu,FN954,LN954,C101,B,21
955,student955@example.edu,FN955,LN955,C101,B,74
956,student956@example.edu,FN956,LN956,C101,B,56
957,student957@example.edu,FN957,LN957,C101,B,74
958,student958@example.edu,FN958,LN958,C101,A,93
959,student959@example.edu,FN959,LN959,C101,B,18
960,student960@example.edu,FN960,LN960,C101,B,77
961,student961@example.edu,FN961,LN961,C101,B,33
962,student962@example.edu,FN962,LN962,C101,B,58
963,student963@example.edu,FN963,LN963,C101,B,67
964,student964@example.edu,FN964,LN964,C101,B,20
965,student965@example.edu,FN965,LN965,C101,B,17
966,student966@example.edu,FN966,LN966,C101,A,99
967,student967@example.edu,FN967,LN967,C101,B,17
968,student968@example.edu,FN968,LN968,C101,A,91
969,student969@example.edu,FN969,LN969,C101,B,56
970,student970@example.edu,FN970,LN970,C101,B,46
971,student971@example.edu,FN971,LN971,C101,B,39
972,student972@example.edu,FN972,LN972,C101,A,96
973,student973@example.edu,FN973,LN973,C101,B,51
974,student974@example.edu,FN974,LN974,C101,B,30
975,student975@example.edu,FN975,LN975,C101,B,14
976,student976@example.edu,FN976,LN976,C101,A,91
977,student977@example.edu,FN977,LN977,C101,B,26
978,student978@example.edu,FN978,LN978,C101,A,91
979,student979@example.edu,FN979,LN979,C101,B,87
980,student980@example.edu,FN980,LN980,C101,B,39
981,student981@example.edu,FN981,LN981,C101,B,8
982,student982@example.edu,FN982,LN982,C101,B,13
983,student983@example.edu,FN983,LN983,C101,B,29
984,student984@example.edu,FN984,LN984,C101,B,50
985,student985@example.edu,FN985,LN985,C101,B,41
986,student986@example.edu,FN986,LN986,C101,B,63
987,student987@example.edu,FN987,LN987,C101,B,12
988,student988@example.edu,FN988,LN988,C101,B,23
989,student989@example.edu,FN989,LN989,C101,B,5
990,student990@example.edu,FN990,LN990,C101,B,7
991,student991@example.edu,FN991,LN991,C101,B,76
992,student992@example.edu,FN992,LN992,C101,B,2
993,student993@example.edu,FN993,LN993,C101,A,96
994,student994@example.edu,FN994,LN994,C101,B,27
995,student995@example.edu,FN995,LN995,C101,B,87
996,student996@example.edu,FN996,LN996,C101,B,4
997,student997@example.edu,FN997,LN997,C101,B,63
998,student998@example.edu,FN998,LN998,C101,B,90
999,student999@example.edu,FN999,LN999,C101,B,67
1000,updated1000@example.edu,NEW1000,LNEW1000,C102,A,99
1001,student1001@example.edu,FN1001,LN1001,C101,B,15
1002,student1002@example.edu,FN1002,LN1002,C101,B,63
1003,student1003@example.edu,FN1003,LN1003,C101,A,97
1004,student1004@example.edu,FN1004,LN1004,C101,B,57
1005,student1005@example.edu,FN1005,LN1005,C101,B,60
1006,student1006@example.edu,FN1006,LN1006,C101,B,83
1007,student1007@example.edu,FN1007,LN1007,C101,B,48
1008,student1008@example.edu,FN1008,LN1008,C101,A,100
1009,student1009@example.edu,FN1009,LN1009,C101,B,26
1010,student1010@example.edu,FN1010,LN1010,C101,B,12
